date,deepDetected,deepPossible,gasvBuoyDetected,gasvBuoyPossible,gliderDetected,gliderPossible,midDetected,midPossible,shallowDetected,shallowPossible,vanfBuoyDetected,vanfBuoyPossible
8/16/2022,NA,NA,0,0,NA,NA,NA,NA,NA,NA,NA,NA
8/17/2022,NA,NA,0,0,NA,NA,NA,NA,NA,NA,NA,NA
8/18/2022,NA,NA,0,0,NA,NA,NA,NA,NA,NA,NA,NA
8/19/2022,NA,NA,0,0,NA,NA,NA,NA,NA,NA,NA,NA
8/20/2022,NA,NA,0,0,NA,NA,NA,NA,NA,NA,NA,NA
8/21/2022,NA,NA,0,0,NA,NA,NA,NA,NA,NA,NA,NA
8/22/2022,NA,NA,0,0,NA,NA,NA,NA,NA,NA,NA,NA
8/23/2022,NA,NA,0,0,NA,NA,NA,NA,NA,NA,NA,NA
8/24/2022,NA,NA,0,0,NA,NA,NA,NA,NA,NA,NA,NA
8/25/2022,NA,NA,0,0,NA,NA,NA,NA,NA,NA,NA,NA
8/26/2022,NA,NA,0,0,NA,NA,NA,NA,NA,NA,NA,NA
8/27/2022,NA,NA,0,0,NA,NA,NA,NA,NA,NA,NA,NA
8/28/2022,NA,NA,0,0,NA,NA,NA,NA,NA,NA,NA,NA
8/29/2022,NA,NA,0,0,NA,NA,NA,NA,NA,NA,NA,NA
8/30/2022,NA,NA,0,0,NA,NA,NA,NA,NA,NA,NA,NA
8/31/2022,NA,NA,0,0,NA,NA,NA,NA,NA,NA,NA,NA
9/1/2022,NA,NA,0,0,NA,NA,NA,NA,NA,NA,NA,NA
9/2/2022,NA,NA,0,0,NA,NA,NA,NA,NA,NA,NA,NA
9/3/2022,NA,NA,0,0,NA,NA,NA,NA,NA,NA,NA,NA
9/4/2022,NA,NA,0,0,NA,NA,NA,NA,NA,NA,NA,NA
9/5/2022,NA,NA,0,0,NA,NA,NA,NA,NA,NA,NA,NA
9/6/2022,NA,NA,0,0,NA,NA,NA,NA,NA,NA,NA,NA
9/7/2022,NA,NA,0,0,NA,NA,NA,NA,NA,NA,NA,NA
9/8/2022,NA,NA,0,0,NA,NA,NA,NA,NA,NA,NA,NA
9/9/2022,NA,NA,0,0,NA,NA,NA,NA,NA,NA,NA,NA
9/10/2022,NA,NA,0,0,NA,NA,NA,NA,NA,NA,NA,NA
9/11/2022,NA,NA,0,0,NA,NA,NA,NA,NA,NA,NA,NA
9/12/2022,NA,NA,0,0,NA,NA,NA,NA,NA,NA,NA,NA
9/13/2022,NA,NA,0,0,NA,NA,NA,NA,NA,NA,NA,NA
9/14/2022,NA,NA,0,0,NA,NA,NA,NA,NA,NA,NA,NA
9/15/2022,NA,NA,0,0,NA,NA,NA,NA,NA,NA,NA,NA
9/16/2022,NA,NA,0,0,NA,NA,NA,NA,NA,NA,NA,NA
9/17/2022,NA,NA,0,0,NA,NA,NA,NA,NA,NA,NA,NA
9/18/2022,NA,NA,0,0,NA,NA,NA,NA,NA,NA,NA,NA
9/19/2022,NA,NA,0,0,NA,NA,NA,NA,NA,NA,NA,NA
9/20/2022,NA,NA,0,0,NA,NA,NA,NA,NA,NA,NA,NA
9/21/2022,NA,NA,0,0,NA,NA,NA,NA,NA,NA,NA,NA
9/22/2022,NA,NA,0,0,NA,NA,NA,NA,NA,NA,NA,NA
9/23/2022,NA,NA,0,0,NA,NA,NA,NA,NA,NA,NA,NA
9/24/2022,NA,NA,0,0,NA,NA,NA,NA,NA,NA,NA,NA
9/25/2022,NA,NA,0,0,NA,NA,NA,NA,NA,NA,NA,NA
9/26/2022,NA,NA,0,0,NA,NA,NA,NA,NA,NA,NA,NA
9/27/2022,NA,NA,0,0,NA,NA,NA,NA,NA,NA,NA,NA
9/28/2022,NA,NA,0,0,NA,NA,NA,NA,NA,NA,NA,NA
9/29/2022,NA,NA,0,0,NA,NA,NA,NA,NA,NA,NA,NA
9/30/2022,NA,NA,0,0,NA,NA,NA,NA,NA,NA,NA,NA
10/1/2022,NA,NA,0,0,NA,NA,NA,NA,NA,NA,NA,NA
10/2/2022,NA,NA,0,0,NA,NA,NA,NA,NA,NA,NA,NA
10/3/2022,NA,NA,0,0,NA,NA,NA,NA,NA,NA,NA,NA
10/4/2022,NA,NA,0,0,NA,NA,NA,NA,NA,NA,NA,NA
10/5/2022,NA,NA,0,0,NA,NA,NA,NA,NA,NA,NA,NA
10/6/2022,NA,NA,0,0,NA,NA,NA,NA,NA,NA,NA,NA
10/7/2022,NA,NA,0,0,NA,NA,NA,NA,NA,NA,NA,NA
10/8/2022,NA,NA,0,0,NA,NA,NA,NA,NA,NA,NA,NA
10/9/2022,NA,NA,0,0,NA,NA,NA,NA,NA,NA,NA,NA
10/10/2022,NA,NA,0,0,NA,NA,NA,NA,NA,NA,NA,NA
10/11/2022,NA,NA,0,0,NA,NA,NA,NA,NA,NA,NA,NA
10/12/2022,NA,NA,0,0,NA,NA,NA,NA,NA,NA,NA,NA
10/13/2022,NA,NA,0,0,NA,NA,NA,NA,NA,NA,NA,NA
10/14/2022,NA,NA,0,0,NA,NA,NA,NA,NA,NA,NA,NA
10/15/2022,NA,NA,0,0,NA,NA,NA,NA,NA,NA,NA,NA
10/16/2022,NA,NA,0,0,NA,NA,NA,NA,NA,NA,NA,NA
10/17/2022,NA,NA,0,0,NA,NA,NA,NA,NA,NA,NA,NA
10/18/2022,NA,NA,0,0,NA,NA,NA,NA,NA,NA,NA,NA
10/19/2022,NA,NA,0,0,NA,NA,NA,NA,NA,NA,NA,NA
10/20/2022,NA,NA,0,0,NA,NA,NA,NA,NA,NA,NA,NA
10/21/2022,NA,NA,0,0,NA,NA,NA,NA,NA,NA,NA,NA
10/22/2022,NA,NA,0,0,NA,NA,NA,NA,NA,NA,NA,NA
10/23/2022,NA,NA,0,0,NA,NA,NA,NA,NA,NA,NA,NA
10/24/2022,NA,NA,0,0,NA,NA,NA,NA,NA,NA,NA,NA
10/25/2022,NA,NA,0,0,NA,NA,NA,NA,NA,NA,NA,NA
10/26/2022,NA,NA,0,0,NA,NA,NA,NA,NA,NA,NA,NA
10/27/2022,NA,NA,0,0,NA,NA,NA,NA,NA,NA,NA,NA
10/28/2022,NA,NA,0,0,NA,NA,NA,NA,NA,NA,NA,NA
10/29/2022,NA,NA,0,0,NA,NA,NA,NA,NA,NA,NA,NA
10/30/2022,NA,NA,0,0,NA,NA,NA,NA,NA,NA,NA,NA
10/31/2022,NA,NA,0,0,NA,NA,NA,NA,NA,NA,NA,NA
11/1/2022,NA,NA,0,0,NA,NA,NA,NA,NA,NA,NA,NA
11/2/2022,NA,NA,0,0,NA,NA,NA,NA,NA,NA,NA,NA
11/3/2022,NA,NA,0,0,NA,NA,NA,NA,NA,NA,NA,NA
11/4/2022,NA,NA,0,0,NA,NA,NA,NA,NA,NA,NA,NA
11/5/2022,NA,NA,0,0,NA,NA,NA,NA,NA,NA,NA,NA
11/6/2022,NA,NA,0,0,NA,NA,NA,NA,NA,NA,NA,NA
11/7/2022,NA,NA,0,0,NA,NA,NA,NA,NA,NA,NA,NA
11/8/2022,NA,NA,0,0,NA,NA,NA,NA,NA,NA,NA,NA
11/9/2022,NA,NA,0,0,NA,NA,NA,NA,NA,NA,NA,NA
11/10/2022,NA,NA,0,0,NA,NA,NA,NA,NA,NA,NA,NA
11/11/2022,NA,NA,0,0,NA,NA,NA,NA,NA,NA,NA,NA
11/12/2022,NA,NA,0,0,NA,NA,NA,NA,NA,NA,NA,NA
11/13/2022,NA,NA,0,0,NA,NA,NA,NA,NA,NA,NA,NA
11/14/2022,NA,NA,0,0,NA,NA,NA,NA,NA,NA,NA,NA
11/15/2022,NA,NA,0,0,NA,NA,NA,NA,NA,NA,NA,NA
11/16/2022,NA,NA,0,0,NA,NA,NA,NA,NA,NA,NA,NA
11/17/2022,NA,NA,0,0,NA,NA,NA,NA,NA,NA,NA,NA
11/18/2022,NA,NA,0,0,NA,NA,NA,NA,NA,NA,NA,NA
11/19/2022,NA,NA,0,0,NA,NA,NA,NA,NA,NA,NA,NA
11/20/2022,NA,NA,0,0,NA,NA,NA,NA,NA,NA,NA,NA
11/21/2022,NA,NA,0,0,NA,NA,NA,NA,NA,NA,NA,NA
11/22/2022,NA,NA,0,0,NA,NA,NA,NA,NA,NA,NA,NA
11/23/2022,NA,NA,0,0,NA,NA,NA,NA,NA,NA,NA,NA
11/24/2022,NA,NA,0,0,NA,NA,NA,NA,NA,NA,NA,NA
11/25/2022,NA,NA,0,0,NA,NA,NA,NA,NA,NA,NA,NA
11/26/2022,NA,NA,0,0,NA,NA,NA,NA,NA,NA,NA,NA
11/27/2022,NA,NA,0,0,NA,NA,NA,NA,NA,NA,NA,NA
11/28/2022,NA,NA,0,0,NA,NA,NA,NA,NA,NA,NA,NA
11/29/2022,NA,NA,0,0,NA,NA,NA,NA,NA,NA,NA,NA
11/30/2022,NA,NA,0,0,NA,NA,NA,NA,NA,NA,NA,NA
12/1/2022,NA,NA,0,0,NA,NA,NA,NA,NA,NA,NA,NA
12/2/2022,NA,NA,0,0,NA,NA,NA,NA,NA,NA,NA,NA
12/3/2022,NA,NA,0,0,NA,NA,NA,NA,NA,NA,NA,NA
12/4/2022,NA,NA,0,0,NA,NA,NA,NA,NA,NA,NA,NA
12/5/2022,NA,NA,0,0,NA,NA,NA,NA,NA,NA,NA,NA
12/6/2022,NA,NA,0,0,NA,NA,NA,NA,NA,NA,NA,NA
12/7/2022,NA,NA,0,0,NA,NA,NA,NA,NA,NA,NA,NA
12/8/2022,NA,NA,0,0,NA,NA,NA,NA,NA,NA,NA,NA
12/9/2022,NA,NA,0,0,NA,NA,NA,NA,NA,NA,NA,NA
12/10/2022,NA,NA,0,0,NA,NA,NA,NA,NA,NA,NA,NA
12/11/2022,NA,NA,0,0,NA,NA,NA,NA,NA,NA,NA,NA
12/12/2022,NA,NA,0,0,NA,NA,NA,NA,NA,NA,NA,NA
12/13/2022,NA,NA,0,0,NA,NA,NA,NA,NA,NA,NA,NA
12/14/2022,NA,NA,0,0,NA,NA,NA,NA,NA,NA,NA,NA
12/15/2022,NA,NA,0,0,NA,NA,NA,NA,NA,NA,NA,NA
12/16/2022,NA,NA,0,0,NA,NA,NA,NA,NA,NA,NA,NA
12/17/2022,NA,NA,0,0,NA,NA,NA,NA,NA,NA,NA,NA
12/18/2022,NA,NA,0,0,NA,NA,NA,NA,NA,NA,NA,NA
1/7/2023,0,0,NA,NA,NA,NA,0,0,0,0,NA,NA
1/8/2023,0,0,NA,NA,NA,NA,0,0,0,0,NA,NA
1/9/2023,0,0,NA,NA,NA,NA,0,0,1,0,NA,NA
1/10/2023,0,0,NA,NA,NA,NA,0,0,0,0,NA,NA
1/11/2023,0,0,NA,NA,NA,NA,0,0,18,1,NA,NA
1/12/2023,0,0,NA,NA,NA,NA,0,0,15,0,NA,NA
1/13/2023,0,1,NA,NA,NA,NA,0,0,0,0,NA,NA
1/14/2023,0,0,NA,NA,NA,NA,0,0,0,0,NA,NA
1/15/2023,0,0,NA,NA,NA,NA,0,0,0,0,NA,NA
1/16/2023,0,0,NA,NA,NA,NA,12,0,32,0,NA,NA
1/17/2023,0,0,NA,NA,NA,NA,0,0,0,0,NA,NA
1/18/2023,2,0,NA,NA,NA,NA,0,0,1,0,NA,NA
1/19/2023,0,1,NA,NA,NA,NA,0,0,1,0,NA,NA
1/20/2023,0,0,NA,NA,NA,NA,0,0,1,0,NA,NA
1/21/2023,0,0,NA,NA,0,0,1,0,1,0,NA,NA
1/22/2023,1,0,NA,NA,0,0,1,0,1,0,NA,NA
1/23/2023,0,0,NA,NA,0,0,0,0,1,0,NA,NA
1/24/2023,1,0,NA,NA,0,0,0,0,0,0,NA,NA
1/25/2023,0,0,NA,NA,0,0,0,0,0,0,NA,NA
1/26/2023,1,0,NA,NA,1,0,0,0,3,0,NA,NA
1/27/2023,1,0,NA,NA,0,0,1,0,0,0,NA,NA
1/28/2023,1,0,NA,NA,0,0,0,0,0,1,NA,NA
1/29/2023,0,0,NA,NA,0,0,0,0,2,0,NA,NA
1/30/2023,0,0,NA,NA,0,0,0,0,0,0,NA,NA
1/31/2023,0,0,NA,NA,0,0,0,0,0,0,NA,NA
2/1/2023,0,0,NA,NA,0,0,0,0,0,0,NA,NA
2/2/2023,0,0,NA,NA,0,3,0,0,0,0,NA,NA
2/3/2023,0,0,NA,NA,0,0,0,0,0,0,NA,NA
2/4/2023,0,0,NA,NA,0,0,0,0,0,0,NA,NA
2/5/2023,0,0,NA,NA,0,0,0,0,0,0,NA,NA
2/6/2023,0,0,NA,NA,0,0,0,0,0,0,NA,NA
2/7/2023,0,0,NA,NA,NA,NA,3,0,0,0,NA,NA
2/8/2023,0,0,NA,NA,NA,NA,0,0,0,0,NA,NA
2/9/2023,0,0,NA,NA,NA,NA,0,0,0,0,NA,NA
2/10/2023,0,0,NA,NA,NA,NA,0,0,0,0,NA,NA
2/11/2023,0,0,NA,NA,NA,NA,0,0,0,0,NA,NA
2/12/2023,1,0,NA,NA,NA,NA,0,0,0,0,NA,NA
2/13/2023,3,0,NA,NA,NA,NA,0,0,0,0,NA,NA
2/14/2023,0,0,NA,NA,NA,NA,0,0,0,0,NA,NA
2/15/2023,0,0,NA,NA,NA,NA,0,0,0,0,NA,NA
2/16/2023,0,0,NA,NA,NA,NA,0,0,0,0,NA,NA
2/17/2023,0,0,NA,NA,NA,NA,0,0,26,0,NA,NA
2/18/2023,0,0,NA,NA,NA,NA,0,0,0,1,NA,NA
2/19/2023,0,0,NA,NA,NA,NA,1,0,26,0,NA,NA
2/20/2023,0,0,NA,NA,NA,NA,0,0,0,0,NA,NA
2/21/2023,0,2,NA,NA,NA,NA,1,0,0,0,NA,NA
2/22/2023,0,0,NA,NA,NA,NA,0,0,0,0,NA,NA
2/23/2023,0,0,NA,NA,NA,NA,1,0,0,0,NA,NA
2/24/2023,0,0,NA,NA,NA,NA,0,0,0,0,NA,NA
2/25/2023,1,0,NA,NA,NA,NA,0,0,0,0,NA,NA
2/26/2023,23,0,NA,NA,NA,NA,6,0,0,0,NA,NA
2/27/2023,0,0,NA,NA,NA,NA,0,0,0,0,NA,NA
2/28/2023,0,1,NA,NA,NA,NA,0,0,0,0,NA,NA
3/1/2023,0,0,NA,NA,NA,NA,0,0,0,0,NA,NA
3/2/2023,0,0,NA,NA,NA,NA,0,0,0,0,NA,NA
3/3/2023,0,0,NA,NA,NA,NA,0,0,0,0,NA,NA
3/4/2023,0,0,NA,NA,NA,NA,0,0,0,0,NA,NA
3/5/2023,0,0,NA,NA,NA,NA,0,0,0,0,NA,NA
3/6/2023,0,0,NA,NA,NA,NA,0,0,0,0,NA,NA
3/7/2023,0,0,NA,NA,NA,NA,0,0,0,0,NA,NA
3/8/2023,0,0,NA,NA,NA,NA,0,0,0,0,NA,NA
3/9/2023,0,0,NA,NA,NA,NA,0,0,0,0,NA,NA
3/10/2023,0,0,NA,NA,NA,NA,0,0,0,0,NA,NA
3/11/2023,0,0,NA,NA,NA,NA,0,0,0,0,NA,NA
3/12/2023,0,0,NA,NA,NA,NA,0,0,0,0,NA,NA
3/13/2023,0,0,NA,NA,NA,NA,0,0,0,0,NA,NA
3/14/2023,0,0,NA,NA,NA,NA,0,0,0,0,NA,NA
3/15/2023,1,0,NA,NA,NA,NA,0,0,0,0,NA,NA
3/16/2023,0,0,NA,NA,NA,NA,0,0,0,0,NA,NA
3/17/2023,0,0,NA,NA,NA,NA,0,0,0,0,NA,NA
3/18/2023,0,0,NA,NA,NA,NA,0,0,0,0,NA,NA
3/19/2023,0,0,NA,NA,NA,NA,0,0,0,0,NA,NA
3/20/2023,0,0,NA,NA,NA,NA,0,0,0,0,NA,NA
3/21/2023,0,0,NA,NA,NA,NA,0,0,0,0,NA,NA
3/22/2023,0,0,NA,NA,NA,NA,0,0,0,0,NA,NA
3/23/2023,0,0,NA,NA,NA,NA,0,0,0,0,NA,NA
3/24/2023,0,0,NA,NA,NA,NA,0,0,0,0,NA,NA
3/25/2023,0,0,NA,NA,NA,NA,0,0,0,0,NA,NA
3/26/2023,0,0,NA,NA,NA,NA,0,0,0,0,NA,NA
3/27/2023,0,0,NA,NA,NA,NA,0,0,0,0,NA,NA
3/28/2023,0,0,NA,NA,NA,NA,0,0,0,0,NA,NA
3/29/2023,0,1,NA,NA,NA,NA,0,0,0,0,NA,NA
3/30/2023,0,0,NA,NA,NA,NA,0,0,0,0,NA,NA
3/31/2023,0,0,NA,NA,NA,NA,0,0,0,0,NA,NA
4/1/2023,0,0,NA,NA,NA,NA,0,0,0,0,NA,NA
4/2/2023,0,0,NA,NA,NA,NA,0,0,0,0,NA,NA
4/3/2023,0,0,NA,NA,NA,NA,0,0,0,0,NA,NA
4/4/2023,0,0,NA,NA,NA,NA,0,0,0,0,NA,NA
4/5/2023,0,0,NA,NA,NA,NA,0,0,0,0,NA,NA
4/6/2023,0,0,NA,NA,NA,NA,0,0,0,0,NA,NA
4/7/2023,0,0,NA,NA,NA,NA,0,0,0,0,NA,NA
4/8/2023,0,0,NA,NA,NA,NA,0,0,0,0,NA,NA
4/9/2023,0,0,NA,NA,NA,NA,0,0,0,0,NA,NA
4/10/2023,0,0,NA,NA,NA,NA,0,0,0,0,NA,NA
4/11/2023,0,0,NA,NA,NA,NA,0,0,0,0,NA,NA
4/12/2023,0,0,NA,NA,NA,NA,0,0,0,0,NA,NA
4/13/2023,0,0,NA,NA,NA,NA,0,0,0,0,NA,NA
4/14/2023,0,0,NA,NA,NA,NA,0,0,0,0,NA,NA
4/15/2023,0,0,NA,NA,NA,NA,0,0,0,0,NA,NA
4/16/2023,0,0,NA,NA,NA,NA,0,0,0,0,NA,NA
4/17/2023,0,0,NA,NA,NA,NA,0,0,0,0,NA,NA
4/18/2023,0,0,NA,NA,NA,NA,0,0,0,0,NA,NA
4/19/2023,0,0,NA,NA,NA,NA,0,0,0,0,NA,NA
4/20/2023,0,0,NA,NA,NA,NA,0,0,0,0,NA,NA
4/21/2023,0,0,NA,NA,NA,NA,0,0,0,0,NA,NA
4/22/2023,0,0,NA,NA,NA,NA,0,0,0,0,NA,NA
4/23/2023,0,0,NA,NA,NA,NA,0,0,0,0,NA,NA
4/24/2023,0,0,NA,NA,NA,NA,0,0,0,0,NA,NA
4/25/2023,0,0,NA,NA,NA,NA,0,0,0,0,NA,NA
4/26/2023,0,0,NA,NA,NA,NA,0,0,0,0,NA,NA
4/27/2023,0,0,NA,NA,NA,NA,0,0,0,0,NA,NA
4/28/2023,0,0,NA,NA,NA,NA,0,0,0,0,NA,NA
4/29/2023,0,0,NA,NA,NA,NA,0,0,0,0,NA,NA
4/30/2023,0,0,NA,NA,NA,NA,0,0,0,0,NA,NA
5/1/2023,0,0,NA,NA,NA,NA,0,0,0,0,NA,NA
5/2/2023,0,0,NA,NA,NA,NA,0,0,0,0,NA,NA
5/3/2023,0,0,NA,NA,NA,NA,0,0,0,0,NA,NA
5/4/2023,0,0,NA,NA,NA,NA,0,0,0,0,NA,NA
5/5/2023,0,0,NA,NA,NA,NA,0,0,0,0,NA,NA
5/6/2023,0,0,NA,NA,NA,NA,0,0,0,0,NA,NA
5/7/2023,0,0,NA,NA,NA,NA,0,0,0,0,NA,NA
5/8/2023,0,0,NA,NA,NA,NA,0,0,0,0,NA,NA
5/9/2023,0,0,NA,NA,NA,NA,0,0,0,0,NA,NA
5/10/2023,0,0,NA,NA,NA,NA,0,0,0,0,NA,NA
5/11/2023,0,0,NA,NA,NA,NA,0,0,0,0,NA,NA
5/12/2023,0,0,NA,NA,NA,NA,0,0,0,0,NA,NA
5/13/2023,0,0,NA,NA,NA,NA,0,0,0,0,NA,NA
5/14/2023,0,0,NA,NA,NA,NA,0,0,0,0,NA,NA
5/15/2023,0,0,NA,NA,NA,NA,0,0,0,0,NA,NA
5/16/2023,0,0,NA,NA,NA,NA,0,0,0,0,NA,NA
5/17/2023,0,0,NA,NA,NA,NA,0,0,0,0,NA,NA
5/18/2023,0,0,NA,NA,NA,NA,0,0,0,0,NA,NA
5/19/2023,0,0,NA,NA,NA,NA,0,0,0,0,NA,NA
5/20/2023,0,0,NA,NA,NA,NA,0,0,0,0,NA,NA
5/21/2023,0,0,NA,NA,NA,NA,0,0,0,0,NA,NA
5/22/2023,0,0,NA,NA,NA,NA,0,0,0,0,NA,NA
5/23/2023,0,0,NA,NA,NA,NA,0,0,0,0,NA,NA
5/24/2023,0,0,NA,NA,NA,NA,0,0,0,0,NA,NA
5/25/2023,0,0,NA,NA,NA,NA,0,0,0,0,NA,NA
5/26/2023,0,0,NA,NA,NA,NA,0,0,0,0,NA,NA
5/27/2023,0,0,NA,NA,NA,NA,0,0,0,0,NA,NA
5/28/2023,0,0,NA,NA,NA,NA,0,0,0,0,NA,NA
5/29/2023,0,0,NA,NA,NA,NA,0,0,0,0,NA,NA
5/30/2023,0,0,NA,NA,NA,NA,0,0,0,0,NA,NA
5/31/2023,0,0,NA,NA,NA,NA,0,0,0,0,NA,NA
6/1/2023,0,0,NA,NA,NA,NA,0,0,0,0,NA,NA
6/2/2023,0,0,NA,NA,NA,NA,0,0,0,0,NA,NA
6/3/2023,0,0,NA,NA,NA,NA,0,0,0,0,NA,NA
6/4/2023,0,0,NA,NA,NA,NA,0,0,0,0,NA,NA
6/5/2023,0,0,NA,NA,NA,NA,0,0,0,0,NA,NA
6/6/2023,0,0,NA,NA,NA,NA,0,0,0,0,NA,NA
6/7/2023,0,0,NA,NA,NA,NA,0,0,0,0,NA,NA
6/8/2023,0,0,NA,NA,NA,NA,0,0,0,0,NA,NA
6/9/2023,0,0,NA,NA,NA,NA,0,0,0,0,NA,NA
6/10/2023,0,0,NA,NA,NA,NA,0,0,NA,NA,NA,NA
6/11/2023,0,0,NA,NA,NA,NA,0,0,NA,NA,NA,NA
6/12/2023,0,0,NA,NA,NA,NA,0,0,NA,NA,NA,NA
6/13/2023,0,0,NA,NA,NA,NA,NA,NA,NA,NA,NA,NA
6/14/2023,0,0,NA,NA,NA,NA,NA,NA,NA,NA,NA,NA
6/15/2023,0,0,NA,NA,NA,NA,NA,NA,NA,NA,NA,NA
6/16/2023,0,0,NA,NA,NA,NA,NA,NA,NA,NA,NA,NA
6/17/2023,0,0,NA,NA,NA,NA,NA,NA,NA,NA,NA,NA
6/18/2023,0,0,NA,NA,NA,NA,NA,NA,NA,NA,NA,NA
6/19/2023,0,0,NA,NA,NA,NA,NA,NA,NA,NA,NA,NA
6/20/2023,0,0,NA,NA,NA,NA,NA,NA,NA,NA,NA,NA
10/3/2023,NA,NA,NA,NA,NA,NA,NA,NA,NA,NA,0,0
10/4/2023,NA,NA,NA,NA,NA,NA,NA,NA,NA,NA,0,0
10/5/2023,NA,NA,NA,NA,NA,NA,NA,NA,NA,NA,0,0
10/6/2023,NA,NA,NA,NA,NA,NA,NA,NA,NA,NA,0,0
10/7/2023,NA,NA,NA,NA,NA,NA,NA,NA,NA,NA,0,0
10/8/2023,NA,NA,NA,NA,NA,NA,NA,NA,NA,NA,0,0
10/9/2023,NA,NA,NA,NA,NA,NA,NA,NA,NA,NA,0,0
10/10/2023,NA,NA,NA,NA,NA,NA,NA,NA,NA,NA,0,0
10/11/2023,NA,NA,NA,NA,NA,NA,NA,NA,NA,NA,0,0
10/12/2023,NA,NA,NA,NA,NA,NA,NA,NA,NA,NA,0,0
10/13/2023,NA,NA,NA,NA,NA,NA,NA,NA,NA,NA,0,0
10/14/2023,NA,NA,NA,NA,NA,NA,NA,NA,NA,NA,0,0
10/15/2023,NA,NA,NA,NA,NA,NA,NA,NA,NA,NA,0,0
10/16/2023,NA,NA,NA,NA,NA,NA,NA,NA,NA,NA,0,0
10/17/2023,NA,NA,NA,NA,NA,NA,NA,NA,NA,NA,0,0
10/18/2023,NA,NA,NA,NA,NA,NA,NA,NA,NA,NA,0,0
10/19/2023,NA,NA,NA,NA,NA,NA,NA,NA,NA,NA,0,0
10/20/2023,NA,NA,NA,NA,NA,NA,NA,NA,NA,NA,0,0
10/21/2023,NA,NA,NA,NA,NA,NA,NA,NA,NA,NA,0,0
10/22/2023,NA,NA,NA,NA,NA,NA,NA,NA,NA,NA,0,0
10/23/2023,NA,NA,NA,NA,NA,NA,NA,NA,NA,NA,0,0
10/24/2023,NA,NA,NA,NA,NA,NA,NA,NA,NA,NA,0,0
10/25/2023,NA,NA,NA,NA,NA,NA,NA,NA,NA,NA,0,0
10/26/2023,NA,NA,NA,NA,NA,NA,NA,NA,NA,NA,0,0
10/27/2023,NA,NA,NA,NA,NA,NA,NA,NA,NA,NA,0,0
10/28/2023,NA,NA,NA,NA,NA,NA,NA,NA,NA,NA,0,0
10/29/2023,NA,NA,NA,NA,NA,NA,NA,NA,NA,NA,0,0
10/30/2023,NA,NA,NA,NA,NA,NA,NA,NA,NA,NA,0,0
10/31/2023,NA,NA,NA,NA,NA,NA,NA,NA,NA,NA,0,0
11/1/2023,NA,NA,NA,NA,NA,NA,NA,NA,NA,NA,0,0
11/2/2023,NA,NA,NA,NA,NA,NA,NA,NA,NA,NA,0,0
11/3/2023,NA,NA,NA,NA,NA,NA,NA,NA,NA,NA,0,0
11/4/2023,NA,NA,NA,NA,NA,NA,NA,NA,NA,NA,0,0
11/5/2023,NA,NA,NA,NA,NA,NA,NA,NA,NA,NA,0,0
11/6/2023,NA,NA,NA,NA,NA,NA,NA,NA,NA,NA,0,0
11/7/2023,NA,NA,NA,NA,NA,NA,NA,NA,NA,NA,0,0
11/8/2023,NA,NA,NA,NA,NA,NA,NA,NA,NA,NA,0,0
11/9/2023,NA,NA,NA,NA,NA,NA,NA,NA,NA,NA,0,0
11/10/2023,NA,NA,NA,NA,NA,NA,NA,NA,NA,NA,0,0
11/11/2023,NA,NA,NA,NA,NA,NA,NA,NA,NA,NA,0,0
11/12/2023,NA,NA,NA,NA,NA,NA,NA,NA,NA,NA,0,0
11/13/2023,NA,NA,NA,NA,NA,NA,NA,NA,NA,NA,0,0
11/14/2023,NA,NA,NA,NA,NA,NA,NA,NA,NA,NA,0,0
11/15/2023,NA,NA,NA,NA,NA,NA,NA,NA,NA,NA,0,0
11/16/2023,NA,NA,NA,NA,NA,NA,NA,NA,NA,NA,0,0
11/17/2023,NA,NA,NA,NA,NA,NA,NA,NA,NA,NA,0,0
11/18/2023,NA,NA,NA,NA,NA,NA,NA,NA,NA,NA,0,0
11/19/2023,NA,NA,NA,NA,NA,NA,NA,NA,NA,NA,0,0
11/20/2023,NA,NA,NA,NA,NA,NA,NA,NA,NA,NA,0,0
11/21/2023,NA,NA,NA,NA,NA,NA,NA,NA,NA,NA,0,0
11/22/2023,NA,NA,NA,NA,NA,NA,NA,NA,NA,NA,0,0
11/23/2023,NA,NA,NA,NA,NA,NA,NA,NA,NA,NA,0,0
11/24/2023,NA,NA,NA,NA,NA,NA,NA,NA,NA,NA,0,0
11/25/2023,NA,NA,NA,NA,NA,NA,NA,NA,NA,NA,0,0
11/26/2023,NA,NA,NA,NA,NA,NA,NA,NA,NA,NA,0,0
11/27/2023,NA,NA,NA,NA,NA,NA,NA,NA,NA,NA,0,0
11/28/2023,NA,NA,NA,NA,NA,NA,NA,NA,NA,NA,0,0
11/29/2023,NA,NA,NA,NA,NA,NA,NA,NA,NA,NA,0,0
11/30/2023,NA,NA,NA,NA,NA,NA,NA,NA,NA,NA,0,0
12/1/2023,NA,NA,NA,NA,NA,NA,NA,NA,NA,NA,0,0
12/2/2023,NA,NA,NA,NA,NA,NA,NA,NA,NA,NA,0,0
12/3/2023,NA,NA,NA,NA,NA,NA,NA,NA,NA,NA,0,0
12/4/2023,NA,NA,0,0,NA,NA,NA,NA,NA,NA,0,0
12/5/2023,NA,NA,0,0,NA,NA,NA,NA,NA,NA,0,0
12/6/2023,NA,NA,0,0,NA,NA,NA,NA,NA,NA,0,0
12/7/2023,NA,NA,0,0,NA,NA,NA,NA,NA,NA,0,0
12/8/2023,NA,NA,0,0,NA,NA,NA,NA,NA,NA,63,0
12/9/2023,NA,NA,0,0,NA,NA,NA,NA,NA,NA,0,0
12/10/2023,NA,NA,0,0,NA,NA,NA,NA,NA,NA,0,0
12/11/2023,NA,NA,0,0,NA,NA,NA,NA,NA,NA,2,0
12/12/2023,NA,NA,0,0,NA,NA,NA,NA,NA,NA,0,0
12/13/2023,NA,NA,0,0,NA,NA,NA,NA,NA,NA,0,0
12/14/2023,NA,NA,0,0,NA,NA,NA,NA,NA,NA,0,0
12/15/2023,NA,NA,0,0,NA,NA,NA,NA,NA,NA,0,0
12/16/2023,NA,NA,0,0,NA,NA,NA,NA,NA,NA,0,0
12/17/2023,NA,NA,0,0,NA,NA,NA,NA,NA,NA,0,0
12/18/2023,NA,NA,0,0,NA,NA,NA,NA,NA,NA,0,1
12/19/2023,NA,NA,0,0,NA,NA,NA,NA,NA,NA,0,0
12/20/2023,NA,NA,0,0,NA,NA,NA,NA,NA,NA,0,0
12/21/2023,NA,NA,0,0,NA,NA,NA,NA,NA,NA,0,0
12/22/2023,NA,NA,0,0,NA,NA,NA,NA,NA,NA,0,0
12/23/2023,NA,NA,0,0,NA,NA,NA,NA,NA,NA,0,0
12/24/2023,NA,NA,0,0,NA,NA,NA,NA,NA,NA,0,0
12/25/2023,NA,NA,0,0,NA,NA,NA,NA,NA,NA,0,0
12/26/2023,NA,NA,0,0,NA,NA,NA,NA,NA,NA,0,0
12/27/2023,NA,NA,0,0,NA,NA,NA,NA,NA,NA,0,0
12/28/2023,NA,NA,0,0,NA,NA,NA,NA,NA,NA,1,0
12/29/2023,NA,NA,0,0,NA,NA,NA,NA,NA,NA,0,0
12/30/2023,NA,NA,0,0,NA,NA,NA,NA,NA,NA,2,0
12/31/2023,NA,NA,0,0,NA,NA,NA,NA,NA,NA,0,0
1/1/2024,NA,NA,0,0,NA,NA,NA,NA,NA,NA,0,0
1/2/2024,NA,NA,0,0,NA,NA,NA,NA,NA,NA,0,0
1/3/2024,NA,NA,0,0,NA,NA,NA,NA,NA,NA,0,0
1/4/2024,NA,NA,0,0,NA,NA,NA,NA,NA,NA,0,0
1/5/2024,NA,NA,0,0,NA,NA,NA,NA,NA,NA,0,0
1/6/2024,NA,NA,0,0,NA,NA,NA,NA,NA,NA,0,0
1/7/2024,NA,NA,0,0,NA,NA,NA,NA,NA,NA,2,0
1/8/2024,NA,NA,0,0,NA,NA,NA,NA,NA,NA,2,0
1/9/2024,NA,NA,0,0,NA,NA,NA,NA,NA,NA,0,0
1/10/2024,NA,NA,0,0,0,0,NA,NA,NA,NA,0,0
1/11/2024,NA,NA,0,0,0,0,NA,NA,NA,NA,0,0
1/12/2024,NA,NA,0,0,0,0,NA,NA,NA,NA,0,0
1/13/2024,NA,NA,0,0,0,0,NA,NA,NA,NA,0,0
1/14/2024,NA,NA,0,0,0,0,NA,NA,NA,NA,0,0
1/15/2024,NA,NA,0,0,0,0,NA,NA,NA,NA,0,0
1/16/2024,NA,NA,0,0,0,0,NA,NA,NA,NA,0,0
1/17/2024,NA,NA,0,0,0,0,NA,NA,NA,NA,0,0
1/18/2024,NA,NA,0,0,0,0,NA,NA,NA,NA,0,0
1/19/2024,NA,NA,0,0,0,0,NA,NA,NA,NA,0,0
1/20/2024,NA,NA,0,0,1,0,NA,NA,NA,NA,8,0
1/21/2024,NA,NA,0,0,1,0,NA,NA,NA,NA,0,0
1/22/2024,NA,NA,0,0,0,1,NA,NA,NA,NA,0,0
1/23/2024,NA,NA,0,0,0,0,NA,NA,NA,NA,0,0
1/24/2024,NA,NA,0,0,0,0,NA,NA,NA,NA,0,0
1/25/2024,NA,NA,0,0,0,0,NA,NA,NA,NA,12,0
1/26/2024,NA,NA,0,0,0,0,NA,NA,NA,NA,0,0
1/27/2024,NA,NA,0,0,0,0,NA,NA,NA,NA,0,0
1/28/2024,NA,NA,0,0,0,0,NA,NA,NA,NA,0,0
1/29/2024,NA,NA,0,0,2,0,NA,NA,NA,NA,0,0
1/30/2024,2,1,0,0,22,0,NA,NA,0,5,0,0
1/31/2024,1,0,0,0,0,0,NA,NA,0,0,1,0
2/1/2024,4,0,NA,NA,0,0,NA,NA,0,0,2,0
2/2/2024,2,0,NA,NA,0,0,NA,NA,0,0,0,0
2/3/2024,0,0,NA,NA,0,0,NA,NA,0,0,0,0
2/4/2024,0,0,NA,NA,0,0,NA,NA,47,0,0,0
2/5/2024,0,0,NA,NA,0,0,NA,NA,12,0,7,0
2/6/2024,0,0,NA,NA,0,0,NA,NA,0,0,0,0
2/7/2024,0,0,NA,NA,0,0,NA,NA,0,0,10,0
2/8/2024,0,1,NA,NA,0,0,NA,NA,0,0,58,0
2/9/2024,0,0,NA,NA,0,0,NA,NA,0,0,43,0
2/10/2024,0,0,NA,NA,NA,NA,NA,NA,0,0,0,0
2/11/2024,0,0,NA,NA,NA,NA,NA,NA,0,0,0,0
2/12/2024,0,0,NA,NA,NA,NA,NA,NA,1,0,0,0
2/13/2024,0,0,NA,NA,NA,NA,NA,NA,0,0,27,0
2/14/2024,0,0,NA,NA,NA,NA,NA,NA,0,0,8,0
2/15/2024,0,0,NA,NA,0,0,NA,NA,0,0,2,0
2/16/2024,0,0,NA,NA,0,0,NA,NA,0,0,0,0
2/17/2024,2,0,NA,NA,0,0,NA,NA,1,0,27,0
2/18/2024,4,0,NA,NA,0,0,NA,NA,0,0,0,0
2/19/2024,0,0,NA,NA,0,0,NA,NA,1,0,0,0
2/20/2024,0,0,NA,NA,0,0,NA,NA,0,0,0,0
2/21/2024,0,0,NA,NA,0,0,NA,NA,0,0,0,0
2/22/2024,0,0,NA,NA,0,2,NA,NA,0,0,0,0
2/23/2024,0,0,NA,NA,0,2,NA,NA,0,0,0,0
2/24/2024,0,0,NA,NA,0,0,NA,NA,0,0,5,1
2/25/2024,38,0,NA,NA,0,1,NA,NA,0,0,0,0
2/26/2024,21,0,NA,NA,0,0,NA,NA,0,0,0,0
2/27/2024,0,0,NA,NA,0,0,NA,NA,1,0,0,0
2/28/2024,0,0,NA,NA,0,0,NA,NA,0,0,0,0
2/29/2024,0,0,NA,NA,0,0,NA,NA,0,0,0,0
3/1/2024,0,0,NA,NA,0,0,NA,NA,0,0,0,0
3/2/2024,0,0,NA,NA,0,0,NA,NA,0,0,0,0
3/3/2024,0,0,NA,NA,0,0,NA,NA,0,0,0,0
3/4/2024,0,0,NA,NA,0,0,NA,NA,0,0,0,0
3/5/2024,0,0,NA,NA,0,0,NA,NA,0,0,0,0
3/6/2024,0,0,NA,NA,0,0,NA,NA,4,0,0,0
3/7/2024,0,0,NA,NA,0,0,NA,NA,0,0,0,0
3/8/2024,0,0,NA,NA,0,0,NA,NA,0,0,0,0
3/9/2024,0,0,NA,NA,0,0,NA,NA,0,0,0,0
3/10/2024,0,0,NA,NA,0,0,NA,NA,0,0,0,0
3/11/2024,0,0,NA,NA,0,0,NA,NA,0,0,0,0
3/12/2024,0,0,NA,NA,0,0,NA,NA,0,0,0,0
3/13/2024,0,0,NA,NA,0,0,NA,NA,0,0,0,0
3/14/2024,0,0,NA,NA,0,0,NA,NA,0,0,0,0
3/15/2024,0,0,NA,NA,0,0,NA,NA,0,0,0,0
3/16/2024,0,0,NA,NA,0,0,NA,NA,0,0,0,0
3/17/2024,0,0,NA,NA,0,0,NA,NA,0,0,0,0
3/18/2024,0,0,NA,NA,0,0,NA,NA,0,0,0,0
3/19/2024,0,0,NA,NA,NA,NA,NA,NA,0,0,0,0
3/20/2024,0,0,NA,NA,NA,NA,NA,NA,0,0,0,0
3/21/2024,0,0,NA,NA,NA,NA,NA,NA,0,0,0,0
3/22/2024,0,0,NA,NA,NA,NA,NA,NA,0,0,0,0
3/23/2024,0,0,NA,NA,NA,NA,NA,NA,0,0,0,0
3/24/2024,0,0,NA,NA,NA,NA,NA,NA,0,0,0,0
3/25/2024,0,0,NA,NA,NA,NA,NA,NA,0,0,0,0
3/26/2024,0,0,NA,NA,NA,NA,NA,NA,0,0,0,0
3/27/2024,0,0,NA,NA,NA,NA,NA,NA,0,0,0,0
3/28/2024,0,0,NA,NA,NA,NA,NA,NA,0,0,0,0
3/29/2024,0,0,NA,NA,NA,NA,NA,NA,0,0,0,0
3/30/2024,0,0,NA,NA,NA,NA,NA,NA,0,0,0,0
3/31/2024,0,0,NA,NA,NA,NA,NA,NA,0,0,0,0
4/1/2024,0,0,NA,NA,NA,NA,NA,NA,0,0,0,0
4/2/2024,0,0,NA,NA,NA,NA,NA,NA,0,0,0,0
4/3/2024,0,0,NA,NA,NA,NA,NA,NA,0,0,0,0
4/4/2024,0,0,NA,NA,NA,NA,NA,NA,0,0,0,0
4/5/2024,0,0,NA,NA,NA,NA,NA,NA,0,0,0,0
4/6/2024,0,0,NA,NA,NA,NA,NA,NA,0,0,0,0
4/7/2024,0,0,NA,NA,NA,NA,NA,NA,0,0,0,0
4/8/2024,0,0,NA,NA,NA,NA,NA,NA,0,0,0,0
4/9/2024,0,0,NA,NA,NA,NA,NA,NA,0,0,0,0
4/10/2024,0,0,NA,NA,NA,NA,NA,NA,0,0,0,0
4/11/2024,0,0,NA,NA,NA,NA,NA,NA,0,0,0,0
4/12/2024,0,0,NA,NA,NA,NA,NA,NA,0,0,0,0
4/13/2024,0,0,NA,NA,NA,NA,NA,NA,0,0,0,0
4/14/2024,0,0,NA,NA,NA,NA,NA,NA,0,0,0,0
4/15/2024,0,0,NA,NA,NA,NA,NA,NA,0,0,0,0
4/16/2024,0,0,NA,NA,NA,NA,NA,NA,0,0,0,0
4/17/2024,0,0,NA,NA,NA,NA,NA,NA,0,0,NA,NA
4/18/2024,0,0,NA,NA,NA,NA,NA,NA,0,0,NA,NA
4/19/2024,0,0,NA,NA,NA,NA,NA,NA,0,0,NA,NA
4/20/2024,0,0,NA,NA,NA,NA,NA,NA,0,0,NA,NA
4/21/2024,0,0,NA,NA,NA,NA,NA,NA,0,0,NA,NA
4/22/2024,0,0,NA,NA,NA,NA,NA,NA,0,0,NA,NA
4/23/2024,0,0,NA,NA,NA,NA,NA,NA,0,0,NA,NA
4/24/2024,0,0,NA,NA,NA,NA,NA,NA,0,0,NA,NA
4/25/2024,0,0,NA,NA,NA,NA,NA,NA,0,0,NA,NA
4/26/2024,0,0,NA,NA,NA,NA,NA,NA,0,0,NA,NA
4/27/2024,0,0,NA,NA,NA,NA,NA,NA,0,0,NA,NA
4/28/2024,0,0,NA,NA,NA,NA,NA,NA,0,0,NA,NA
4/29/2024,0,0,NA,NA,NA,NA,NA,NA,0,0,NA,NA
4/30/2024,0,0,NA,NA,NA,NA,NA,NA,0,0,NA,NA
5/1/2024,0,0,NA,NA,NA,NA,NA,NA,0,0,NA,NA
5/2/2024,0,0,NA,NA,NA,NA,NA,NA,0,0,NA,NA
5/3/2024,0,0,NA,NA,NA,NA,NA,NA,0,0,NA,NA
5/4/2024,0,0,NA,NA,NA,NA,NA,NA,0,0,NA,NA
5/5/2024,0,0,NA,NA,NA,NA,NA,NA,0,0,NA,NA
5/6/2024,0,0,NA,NA,NA,NA,NA,NA,0,0,NA,NA
5/7/2024,0,0,NA,NA,NA,NA,NA,NA,0,0,NA,NA
5/8/2024,0,0,NA,NA,NA,NA,NA,NA,0,0,NA,NA
5/9/2024,0,0,NA,NA,NA,NA,NA,NA,0,0,NA,NA
5/10/2024,0,0,NA,NA,NA,NA,NA,NA,0,0,NA,NA
5/11/2024,0,0,NA,NA,NA,NA,NA,NA,0,0,NA,NA
5/12/2024,0,0,NA,NA,NA,NA,NA,NA,0,0,NA,NA
5/13/2024,0,0,NA,NA,NA,NA,NA,NA,0,0,NA,NA
5/14/2024,0,0,NA,NA,NA,NA,NA,NA,0,0,NA,NA
5/15/2024,0,0,NA,NA,NA,NA,NA,NA,0,0,NA,NA
5/16/2024,0,0,NA,NA,NA,NA,NA,NA,0,0,NA,NA
5/17/2024,0,0,NA,NA,NA,NA,NA,NA,0,0,NA,NA
5/18/2024,0,0,NA,NA,NA,NA,NA,NA,0,0,NA,NA
5/19/2024,0,0,NA,NA,NA,NA,NA,NA,0,0,NA,NA
5/20/2024,0,0,NA,NA,NA,NA,NA,NA,0,0,NA,NA
5/21/2024,0,0,NA,NA,NA,NA,NA,NA,0,0,NA,NA
5/22/2024,0,0,NA,NA,NA,NA,NA,NA,0,0,NA,NA
5/23/2024,0,0,NA,NA,NA,NA,NA,NA,0,0,NA,NA
5/24/2024,0,0,NA,NA,NA,NA,NA,NA,0,0,NA,NA
5/25/2024,0,0,NA,NA,NA,NA,NA,NA,0,0,NA,NA
5/26/2024,0,0,NA,NA,NA,NA,NA,NA,0,0,NA,NA
5/27/2024,0,0,NA,NA,NA,NA,NA,NA,0,0,NA,NA
5/28/2024,0,0,NA,NA,NA,NA,NA,NA,0,0,NA,NA
5/29/2024,0,0,NA,NA,NA,NA,NA,NA,0,0,NA,NA
5/30/2024,0,0,NA,NA,NA,NA,NA,NA,0,0,NA,NA
5/31/2024,0,0,NA,NA,NA,NA,NA,NA,0,0,NA,NA
6/1/2024,0,0,NA,NA,NA,NA,NA,NA,0,0,NA,NA
6/2/2024,0,0,NA,NA,NA,NA,NA,NA,0,0,NA,NA
6/3/2024,0,0,NA,NA,NA,NA,NA,NA,0,0,NA,NA
6/4/2024,0,0,NA,NA,NA,NA,NA,NA,0,0,NA,NA
6/5/2024,0,0,NA,NA,NA,NA,NA,NA,0,0,NA,NA
6/6/2024,0,0,NA,NA,NA,NA,NA,NA,0,0,NA,NA
6/7/2024,0,0,NA,NA,NA,NA,NA,NA,0,0,NA,NA
6/8/2024,0,0,NA,NA,NA,NA,NA,NA,0,0,NA,NA
6/9/2024,0,0,NA,NA,NA,NA,NA,NA,0,0,NA,NA
6/10/2024,0,0,NA,NA,NA,NA,NA,NA,0,0,NA,NA
6/11/2024,0,0,NA,NA,NA,NA,NA,NA,0,0,NA,NA
6/12/2024,0,0,NA,NA,NA,NA,NA,NA,0,0,NA,NA
6/13/2024,0,0,NA,NA,NA,NA,NA,NA,0,0,NA,NA
6/14/2024,0,0,NA,NA,NA,NA,NA,NA,0,0,NA,NA
6/15/2024,0,0,NA,NA,NA,NA,NA,NA,0,0,NA,NA
6/16/2024,0,0,NA,NA,NA,NA,NA,NA,0,0,NA,NA
6/17/2024,0,0,NA,NA,NA,NA,NA,NA,0,0,NA,NA
6/18/2024,0,0,NA,NA,NA,NA,NA,NA,0,0,NA,NA
6/19/2024,0,0,NA,NA,NA,NA,NA,NA,0,0,NA,NA
6/20/2024,0,0,NA,NA,NA,NA,NA,NA,0,0,NA,NA
6/21/2024,0,0,NA,NA,NA,NA,NA,NA,0,0,NA,NA
6/22/2024,0,0,NA,NA,NA,NA,NA,NA,0,0,NA,NA
6/23/2024,0,0,NA,NA,NA,NA,NA,NA,0,0,NA,NA
6/24/2024,0,0,NA,NA,NA,NA,NA,NA,0,0,NA,NA
6/25/2024,0,0,NA,NA,NA,NA,NA,NA,0,0,NA,NA
6/26/2024,0,0,NA,NA,NA,NA,NA,NA,0,0,NA,NA
6/27/2024,0,0,NA,NA,NA,NA,NA,NA,0,0,NA,NA
6/28/2024,0,0,NA,NA,NA,NA,NA,NA,0,0,NA,NA
6/29/2024,0,0,NA,NA,NA,NA,NA,NA,NA,NA,NA,NA
6/30/2024,0,0,NA,NA,NA,NA,NA,NA,NA,NA,NA,NA
7/1/2024,0,0,NA,NA,NA,NA,NA,NA,NA,NA,NA,NA
7/14/2024,NA,NA,NA,NA,NA,NA,NA,NA,NA,NA,0,0
7/15/2024,NA,NA,NA,NA,NA,NA,NA,NA,NA,NA,0,0
7/16/2024,NA,NA,NA,NA,NA,NA,NA,NA,NA,NA,0,0
7/17/2024,NA,NA,NA,NA,NA,NA,NA,NA,NA,NA,0,0
7/18/2024,NA,NA,NA,NA,NA,NA,NA,NA,NA,NA,0,0
7/19/2024,NA,NA,NA,NA,NA,NA,NA,NA,NA,NA,0,0
7/20/2024,NA,NA,NA,NA,NA,NA,NA,NA,NA,NA,0,0
7/21/2024,NA,NA,NA,NA,NA,NA,NA,NA,NA,NA,0,0
7/22/2024,NA,NA,NA,NA,NA,NA,NA,NA,NA,NA,0,0
7/23/2024,NA,NA,NA,NA,NA,NA,NA,NA,NA,NA,0,0
7/24/2024,NA,NA,NA,NA,NA,NA,NA,NA,NA,NA,0,0
7/25/2024,NA,NA,NA,NA,NA,NA,NA,NA,NA,NA,0,0
7/26/2024,NA,NA,NA,NA,NA,NA,NA,NA,NA,NA,0,0
7/27/2024,NA,NA,NA,NA,NA,NA,NA,NA,NA,NA,0,0
7/28/2024,NA,NA,NA,NA,NA,NA,NA,NA,NA,NA,0,0
7/29/2024,NA,NA,NA,NA,NA,NA,NA,NA,NA,NA,0,0
7/30/2024,NA,NA,NA,NA,NA,NA,NA,NA,NA,NA,0,0
7/31/2024,NA,NA,NA,NA,NA,NA,NA,NA,NA,NA,0,0
8/1/2024,NA,NA,NA,NA,NA,NA,NA,NA,NA,NA,0,0
8/2/2024,NA,NA,NA,NA,NA,NA,NA,NA,NA,NA,0,0
8/3/2024,NA,NA,NA,NA,NA,NA,NA,NA,NA,NA,0,0
8/4/2024,NA,NA,NA,NA,NA,NA,NA,NA,NA,NA,0,0
8/5/2024,NA,NA,NA,NA,NA,NA,NA,NA,NA,NA,0,0
8/6/2024,NA,NA,NA,NA,NA,NA,NA,NA,NA,NA,0,0
8/7/2024,NA,NA,NA,NA,NA,NA,NA,NA,NA,NA,0,0
8/8/2024,NA,NA,NA,NA,NA,NA,NA,NA,NA,NA,0,0
8/9/2024,NA,NA,NA,NA,NA,NA,NA,NA,NA,NA,0,0
8/10/2024,NA,NA,NA,NA,NA,NA,NA,NA,NA,NA,0,0
8/11/2024,NA,NA,NA,NA,NA,NA,NA,NA,NA,NA,0,0
8/12/2024,NA,NA,NA,NA,NA,NA,NA,NA,NA,NA,0,0
8/13/2024,NA,NA,NA,NA,NA,NA,NA,NA,NA,NA,0,0
8/14/2024,NA,NA,NA,NA,NA,NA,NA,NA,NA,NA,0,0
8/15/2024,NA,NA,NA,NA,NA,NA,NA,NA,NA,NA,0,0
8/16/2024,NA,NA,NA,NA,NA,NA,NA,NA,NA,NA,0,0
8/17/2024,NA,NA,NA,NA,NA,NA,NA,NA,NA,NA,0,0
8/18/2024,NA,NA,NA,NA,NA,NA,NA,NA,NA,NA,0,0
8/19/2024,NA,NA,NA,NA,NA,NA,NA,NA,NA,NA,0,0
8/20/2024,NA,NA,NA,NA,NA,NA,NA,NA,NA,NA,0,0
8/21/2024,NA,NA,NA,NA,NA,NA,NA,NA,NA,NA,0,0
8/22/2024,NA,NA,NA,NA,NA,NA,NA,NA,NA,NA,0,0
8/23/2024,NA,NA,NA,NA,NA,NA,NA,NA,NA,NA,0,0
8/24/2024,NA,NA,NA,NA,NA,NA,NA,NA,NA,NA,0,0
8/25/2024,NA,NA,NA,NA,NA,NA,NA,NA,NA,NA,0,0
8/26/2024,NA,NA,NA,NA,NA,NA,NA,NA,NA,NA,0,0
8/27/2024,NA,NA,NA,NA,NA,NA,NA,NA,NA,NA,0,0
8/28/2024,NA,NA,NA,NA,NA,NA,NA,NA,NA,NA,0,0
8/29/2024,NA,NA,NA,NA,NA,NA,NA,NA,NA,NA,0,0
8/30/2024,NA,NA,NA,NA,NA,NA,NA,NA,NA,NA,0,0
8/31/2024,NA,NA,NA,NA,NA,NA,NA,NA,NA,NA,0,0
9/1/2024,NA,NA,NA,NA,NA,NA,NA,NA,NA,NA,0,0
9/2/2024,NA,NA,NA,NA,NA,NA,NA,NA,NA,NA,0,0
9/3/2024,NA,NA,NA,NA,NA,NA,NA,NA,NA,NA,0,0
9/4/2024,NA,NA,NA,NA,NA,NA,NA,NA,NA,NA,0,0
9/5/2024,NA,NA,NA,NA,NA,NA,NA,NA,NA,NA,0,0
9/6/2024,NA,NA,NA,NA,NA,NA,NA,NA,NA,NA,0,0
9/7/2024,NA,NA,NA,NA,NA,NA,NA,NA,NA,NA,0,0
9/8/2024,NA,NA,NA,NA,NA,NA,NA,NA,NA,NA,0,0
9/9/2024,NA,NA,NA,NA,NA,NA,NA,NA,NA,NA,0,0
9/10/2024,NA,NA,NA,NA,NA,NA,NA,NA,NA,NA,0,0
9/11/2024,NA,NA,NA,NA,NA,NA,NA,NA,NA,NA,0,0
9/12/2024,NA,NA,NA,NA,NA,NA,NA,NA,NA,NA,0,0
9/13/2024,NA,NA,NA,NA,NA,NA,NA,NA,NA,NA,0,0
9/14/2024,NA,NA,NA,NA,NA,NA,NA,NA,NA,NA,0,0
9/15/2024,NA,NA,NA,NA,NA,NA,NA,NA,NA,NA,0,0
9/16/2024,NA,NA,NA,NA,NA,NA,NA,NA,NA,NA,0,0
9/17/2024,NA,NA,NA,NA,NA,NA,NA,NA,NA,NA,0,0
9/18/2024,NA,NA,NA,NA,NA,NA,NA,NA,NA,NA,0,0
9/19/2024,NA,NA,NA,NA,NA,NA,NA,NA,NA,NA,0,0
9/20/2024,NA,NA,NA,NA,NA,NA,NA,NA,NA,NA,0,0
9/21/2024,NA,NA,NA,NA,NA,NA,NA,NA,NA,NA,0,0
9/22/2024,NA,NA,NA,NA,NA,NA,NA,NA,NA,NA,0,0
9/23/2024,NA,NA,NA,NA,NA,NA,NA,NA,NA,NA,0,0
9/24/2024,NA,NA,NA,NA,NA,NA,NA,NA,NA,NA,0,0
9/25/2024,NA,NA,NA,NA,NA,NA,NA,NA,NA,NA,0,0
9/26/2024,NA,NA,NA,NA,NA,NA,NA,NA,NA,NA,0,0
9/27/2024,NA,NA,NA,NA,NA,NA,NA,NA,NA,NA,0,0
9/28/2024,NA,NA,NA,NA,NA,NA,NA,NA,NA,NA,0,0
9/29/2024,NA,NA,NA,NA,NA,NA,NA,NA,NA,NA,0,0
9/30/2024,NA,NA,NA,NA,NA,NA,NA,NA,NA,NA,0,0
10/1/2024,NA,NA,NA,NA,NA,NA,NA,NA,NA,NA,0,0
10/2/2024,NA,NA,NA,NA,NA,NA,NA,NA,NA,NA,0,0
10/3/2024,NA,NA,NA,NA,NA,NA,NA,NA,NA,NA,0,0
10/4/2024,NA,NA,NA,NA,NA,NA,NA,NA,NA,NA,0,0
10/5/2024,NA,NA,NA,NA,NA,NA,NA,NA,NA,NA,0,0
10/6/2024,NA,NA,NA,NA,NA,NA,NA,NA,NA,NA,0,0
10/7/2024,NA,NA,NA,NA,NA,NA,NA,NA,NA,NA,0,0
10/8/2024,NA,NA,NA,NA,NA,NA,NA,NA,NA,NA,0,0
10/9/2024,NA,NA,NA,NA,NA,NA,NA,NA,NA,NA,0,0
10/10/2024,NA,NA,NA,NA,NA,NA,NA,NA,NA,NA,0,0
10/11/2024,NA,NA,NA,NA,NA,NA,NA,NA,NA,NA,0,0
10/12/2024,NA,NA,NA,NA,NA,NA,NA,NA,NA,NA,0,0
10/13/2024,NA,NA,NA,NA,NA,NA,NA,NA,NA,NA,0,0
10/14/2024,NA,NA,NA,NA,NA,NA,NA,NA,NA,NA,0,0
10/15/2024,NA,NA,NA,NA,NA,NA,NA,NA,NA,NA,0,0
10/16/2024,NA,NA,NA,NA,NA,NA,NA,NA,NA,NA,0,0
10/17/2024,NA,NA,NA,NA,NA,NA,NA,NA,NA,NA,0,0
10/18/2024,NA,NA,NA,NA,NA,NA,NA,NA,NA,NA,0,0
10/19/2024,NA,NA,NA,NA,NA,NA,NA,NA,NA,NA,0,0
10/20/2024,NA,NA,NA,NA,NA,NA,NA,NA,NA,NA,0,0
10/21/2024,NA,NA,NA,NA,NA,NA,NA,NA,NA,NA,0,0
10/22/2024,NA,NA,NA,NA,NA,NA,NA,NA,NA,NA,0,0
10/23/2024,NA,NA,NA,NA,NA,NA,NA,NA,NA,NA,0,0
10/24/2024,NA,NA,NA,NA,NA,NA,NA,NA,NA,NA,0,0
10/25/2024,NA,NA,NA,NA,NA,NA,NA,NA,NA,NA,0,0
10/26/2024,NA,NA,NA,NA,NA,NA,NA,NA,NA,NA,0,0
10/27/2024,NA,NA,NA,NA,NA,NA,NA,NA,NA,NA,0,0
10/28/2024,NA,NA,NA,NA,NA,NA,NA,NA,NA,NA,0,0
10/29/2024,NA,NA,NA,NA,NA,NA,NA,NA,NA,NA,0,0
10/30/2024,NA,NA,NA,NA,NA,NA,NA,NA,NA,NA,0,0
10/31/2024,NA,NA,NA,NA,NA,NA,NA,NA,NA,NA,0,0
11/1/2024,NA,NA,NA,NA,NA,NA,NA,NA,NA,NA,0,0
11/2/2024,NA,NA,NA,NA,NA,NA,NA,NA,NA,NA,0,0
11/3/2024,NA,NA,NA,NA,NA,NA,NA,NA,NA,NA,0,0
11/4/2024,NA,NA,NA,NA,NA,NA,NA,NA,NA,NA,0,0
11/5/2024,NA,NA,NA,NA,NA,NA,NA,NA,NA,NA,0,0
11/6/2024,NA,NA,NA,NA,NA,NA,NA,NA,NA,NA,0,0
11/7/2024,NA,NA,NA,NA,NA,NA,NA,NA,NA,NA,0,0
11/8/2024,NA,NA,NA,NA,NA,NA,NA,NA,NA,NA,0,0
11/9/2024,NA,NA,NA,NA,NA,NA,NA,NA,NA,NA,0,0
11/10/2024,NA,NA,NA,NA,NA,NA,NA,NA,NA,NA,0,0
11/11/2024,NA,NA,NA,NA,NA,NA,NA,NA,NA,NA,0,0
11/12/2024,NA,NA,NA,NA,NA,NA,NA,NA,NA,NA,0,0
11/13/2024,NA,NA,NA,NA,NA,NA,NA,NA,NA,NA,0,0
11/14/2024,NA,NA,NA,NA,NA,NA,NA,NA,NA,NA,0,0
11/15/2024,NA,NA,NA,NA,NA,NA,NA,NA,NA,NA,0,0
11/16/2024,NA,NA,NA,NA,NA,NA,NA,NA,NA,NA,0,0
11/17/2024,NA,NA,NA,NA,NA,NA,NA,NA,NA,NA,0,0
11/18/2024,NA,NA,NA,NA,NA,NA,NA,NA,NA,NA,0,0
11/19/2024,NA,NA,NA,NA,NA,NA,NA,NA,NA,NA,0,0
11/20/2024,NA,NA,NA,NA,NA,NA,NA,NA,NA,NA,0,0
11/21/2024,NA,NA,NA,NA,NA,NA,NA,NA,NA,NA,0,0
11/22/2024,NA,NA,NA,NA,NA,NA,NA,NA,NA,NA,0,0
11/23/2024,NA,NA,NA,NA,NA,NA,NA,NA,NA,NA,0,0
11/24/2024,NA,NA,NA,NA,NA,NA,NA,NA,NA,NA,0,0
11/25/2024,NA,NA,NA,NA,NA,NA,NA,NA,NA,NA,0,0
11/26/2024,NA,NA,NA,NA,NA,NA,NA,NA,NA,NA,0,0
11/27/2024,NA,NA,NA,NA,NA,NA,NA,NA,NA,NA,0,0
11/28/2024,NA,NA,NA,NA,NA,NA,NA,NA,NA,NA,0,0
11/29/2024,NA,NA,NA,NA,NA,NA,NA,NA,NA,NA,0,0
11/30/2024,NA,NA,NA,NA,NA,NA,NA,NA,NA,NA,0,0
12/1/2024,NA,NA,NA,NA,NA,NA,NA,NA,NA,NA,0,0
12/2/2024,NA,NA,NA,NA,NA,NA,NA,NA,NA,NA,0,0
12/3/2024,NA,NA,NA,NA,NA,NA,NA,NA,NA,NA,0,0
12/4/2024,NA,NA,NA,NA,NA,NA,NA,NA,NA,NA,27,0
12/5/2024,NA,NA,NA,NA,NA,NA,NA,NA,NA,NA,0,0
12/6/2024,NA,NA,NA,NA,NA,NA,NA,NA,NA,NA,0,0
12/7/2024,NA,NA,NA,NA,NA,NA,NA,NA,NA,NA,0,0
12/8/2024,NA,NA,NA,NA,NA,NA,NA,NA,NA,NA,0,0
12/9/2024,NA,NA,NA,NA,NA,NA,NA,NA,NA,NA,0,0
12/10/2024,NA,NA,NA,NA,NA,NA,NA,NA,NA,NA,0,0
12/11/2024,NA,NA,NA,NA,NA,NA,NA,NA,NA,NA,0,0
12/12/2024,NA,NA,NA,NA,NA,NA,NA,NA,NA,NA,0,0
12/13/2024,NA,NA,NA,NA,NA,NA,NA,NA,NA,NA,0,0
12/14/2024,NA,NA,NA,NA,NA,NA,NA,NA,NA,NA,0,0
12/15/2024,NA,NA,NA,NA,NA,NA,NA,NA,NA,NA,6,0
12/16/2024,NA,NA,NA,NA,NA,NA,NA,NA,NA,NA,11,0
12/17/2024,NA,NA,NA,NA,NA,NA,NA,NA,NA,NA,1,0
12/18/2024,NA,NA,NA,NA,NA,NA,NA,NA,NA,NA,0,1
12/19/2024,NA,NA,NA,NA,NA,NA,NA,NA,NA,NA,0,0
12/20/2024,NA,NA,NA,NA,NA,NA,NA,NA,NA,NA,0,0
12/21/2024,NA,NA,NA,NA,NA,NA,NA,NA,NA,NA,1,0
12/22/2024,NA,NA,NA,NA,NA,NA,NA,NA,NA,NA,21,0
12/23/2024,NA,NA,NA,NA,NA,NA,NA,NA,NA,NA,106,0
12/24/2024,NA,NA,NA,NA,NA,NA,NA,NA,NA,NA,33,0
12/25/2024,NA,NA,NA,NA,NA,NA,NA,NA,NA,NA,47,0
12/26/2024,NA,NA,NA,NA,NA,NA,NA,NA,NA,NA,74,0
12/27/2024,NA,NA,NA,NA,NA,NA,NA,NA,NA,NA,0,0
12/28/2024,NA,NA,NA,NA,NA,NA,NA,NA,NA,NA,0,0
12/29/2024,NA,NA,NA,NA,NA,NA,NA,NA,NA,NA,6,0
12/30/2024,NA,NA,NA,NA,NA,NA,NA,NA,NA,NA,2,0
12/31/2024,NA,NA,NA,NA,NA,NA,NA,NA,NA,NA,6,0
1/1/2025,NA,NA,NA,NA,NA,NA,NA,NA,NA,NA,0,0
1/2/2025,0,0,NA,NA,0,0,0,0,NA,NA,22,0
1/3/2025,0,0,NA,NA,1,0,1,0,NA,NA,0,0
1/4/2025,0,0,NA,NA,0,0,1,0,NA,NA,2,0
1/5/2025,0,0,NA,NA,0,0,0,0,NA,NA,1,0
1/6/2025,0,0,NA,NA,0,0,0,0,NA,NA,0,0
1/7/2025,0,0,NA,NA,0,0,0,0,NA,NA,0,0
1/8/2025,0,0,NA,NA,0,0,0,0,NA,NA,55,0
1/9/2025,0,0,NA,NA,1,0,0,0,NA,NA,1,0
1/10/2025,0,0,NA,NA,1,0,2,0,NA,NA,4,0
1/11/2025,0,0,NA,NA,0,0,0,0,NA,NA,0,0
1/12/2025,0,0,NA,NA,0,0,0,0,NA,NA,0,0
1/13/2025,0,0,NA,NA,1,0,0,0,NA,NA,0,0
1/14/2025,0,0,NA,NA,0,0,0,0,NA,NA,0,0
1/15/2025,0,0,NA,NA,1,0,0,0,NA,NA,1,0
1/16/2025,0,0,NA,NA,0,0,1,0,NA,NA,0,0
1/17/2025,0,0,NA,NA,0,0,0,0,NA,NA,0,0
1/18/2025,0,0,NA,NA,0,0,1,0,NA,NA,0,0
1/19/2025,0,0,NA,NA,0,0,0,0,NA,NA,4,0
1/20/2025,0,0,NA,NA,0,0,0,0,NA,NA,0,0
1/21/2025,0,0,NA,NA,0,0,0,0,NA,NA,3,1
1/22/2025,0,0,NA,NA,0,0,0,0,NA,NA,0,0
1/23/2025,0,0,NA,NA,0,0,0,0,NA,NA,0,0
1/24/2025,0,0,NA,NA,0,0,0,0,NA,NA,0,0
1/25/2025,0,0,NA,NA,0,0,0,0,NA,NA,0,0
1/26/2025,0,0,NA,NA,0,0,0,0,NA,NA,14,0
1/27/2025,0,0,NA,NA,0,0,25,0,NA,NA,7,0
1/28/2025,0,0,NA,NA,0,0,0,0,NA,NA,12,0
1/29/2025,0,0,NA,NA,0,0,0,0,NA,NA,0,0
1/30/2025,0,0,NA,NA,0,0,0,0,NA,NA,0,0
1/31/2025,0,0,NA,NA,NA,NA,0,1,NA,NA,0,0
2/1/2025,0,0,NA,NA,NA,NA,0,0,NA,NA,0,0
2/2/2025,0,0,NA,NA,NA,NA,0,0,NA,NA,0,0
2/3/2025,0,0,NA,NA,NA,NA,3,0,NA,NA,0,0
2/4/2025,0,0,NA,NA,NA,NA,0,0,NA,NA,15,0
2/5/2025,0,0,NA,NA,NA,NA,0,0,NA,NA,17,0
2/6/2025,0,0,NA,NA,NA,NA,0,0,NA,NA,7,0
2/7/2025,0,0,NA,NA,NA,NA,0,0,NA,NA,0,0
2/8/2025,0,0,NA,NA,NA,NA,1,0,NA,NA,1,0
2/9/2025,0,0,NA,NA,NA,NA,0,0,NA,NA,0,0
2/10/2025,0,0,NA,NA,NA,NA,0,0,NA,NA,7,0
2/11/2025,5,0,NA,NA,NA,NA,0,0,NA,NA,6,0
2/12/2025,0,0,NA,NA,NA,NA,0,0,NA,NA,0,0
2/13/2025,0,0,NA,NA,NA,NA,0,0,NA,NA,0,0
2/14/2025,0,0,NA,NA,NA,NA,0,0,NA,NA,0,0
2/15/2025,1,0,NA,NA,NA,NA,0,0,NA,NA,0,0
2/16/2025,2,0,NA,NA,NA,NA,0,0,NA,NA,16,0
2/17/2025,2,0,NA,NA,NA,NA,0,0,NA,NA,0,0
2/18/2025,0,0,NA,NA,NA,NA,0,0,NA,NA,0,0
2/19/2025,0,0,NA,NA,NA,NA,0,0,NA,NA,0,0
2/20/2025,0,0,NA,NA,NA,NA,0,0,NA,NA,0,0
2/21/2025,0,0,NA,NA,NA,NA,0,0,NA,NA,0,0
2/22/2025,0,0,NA,NA,NA,NA,0,0,NA,NA,0,0
2/23/2025,0,0,NA,NA,NA,NA,0,0,NA,NA,0,0
2/24/2025,0,0,NA,NA,NA,NA,0,0,NA,NA,0,0
2/25/2025,0,0,NA,NA,NA,NA,0,0,NA,NA,0,0
2/26/2025,0,0,NA,NA,NA,NA,0,0,NA,NA,0,0
2/27/2025,0,0,NA,NA,NA,NA,0,0,NA,NA,0,0
2/28/2025,0,0,NA,NA,NA,NA,0,0,NA,NA,0,0
3/1/2025,0,0,NA,NA,NA,NA,0,0,NA,NA,0,0
3/2/2025,0,0,NA,NA,NA,NA,0,0,NA,NA,0,0
3/3/2025,0,0,NA,NA,NA,NA,0,0,NA,NA,4,0
3/4/2025,0,0,NA,NA,NA,NA,0,0,NA,NA,0,0
3/5/2025,0,0,NA,NA,NA,NA,0,0,NA,NA,0,0
3/6/2025,0,0,NA,NA,NA,NA,0,0,NA,NA,0,0
3/7/2025,0,0,NA,NA,NA,NA,0,0,NA,NA,0,0
3/8/2025,0,0,NA,NA,NA,NA,0,0,NA,NA,0,0
3/9/2025,0,0,NA,NA,NA,NA,0,0,NA,NA,0,0
3/10/2025,0,0,NA,NA,NA,NA,0,0,NA,NA,0,0
3/11/2025,0,0,NA,NA,NA,NA,0,0,NA,NA,0,0
3/12/2025,0,0,NA,NA,NA,NA,0,0,NA,NA,0,0
3/13/2025,0,0,NA,NA,NA,NA,0,0,NA,NA,0,0
3/14/2025,0,0,NA,NA,NA,NA,1,0,NA,NA,0,0
3/15/2025,0,0,NA,NA,NA,NA,0,0,NA,NA,0,0
3/16/2025,0,0,NA,NA,NA,NA,0,0,NA,NA,0,0
3/17/2025,0,0,NA,NA,NA,NA,0,0,NA,NA,0,0
3/18/2025,0,0,NA,NA,NA,NA,0,0,NA,NA,0,0
3/19/2025,0,0,NA,NA,NA,NA,0,0,NA,NA,0,0
3/20/2025,0,0,NA,NA,NA,NA,0,0,NA,NA,0,0
3/21/2025,0,0,NA,NA,NA,NA,0,0,NA,NA,0,0
3/22/2025,0,0,NA,NA,NA,NA,0,0,NA,NA,0,0
3/23/2025,0,0,NA,NA,NA,NA,0,0,NA,NA,0,0
3/24/2025,0,0,NA,NA,NA,NA,0,0,NA,NA,0,0
3/25/2025,0,0,NA,NA,NA,NA,0,0,NA,NA,0,0
3/26/2025,0,0,NA,NA,NA,NA,0,0,NA,NA,0,0
3/27/2025,0,0,NA,NA,NA,NA,0,0,NA,NA,0,0
3/28/2025,0,0,NA,NA,NA,NA,0,0,NA,NA,0,0
3/29/2025,0,0,NA,NA,NA,NA,0,0,NA,NA,0,0
3/30/2025,0,0,NA,NA,NA,NA,0,0,NA,NA,0,0
3/31/2025,0,0,NA,NA,NA,NA,0,0,NA,NA,0,0
4/1/2025,0,0,NA,NA,NA,NA,0,0,NA,NA,0,0
4/2/2025,0,0,NA,NA,NA,NA,0,0,NA,NA,0,0
4/3/2025,0,0,NA,NA,NA,NA,0,0,NA,NA,0,0
4/4/2025,0,0,NA,NA,NA,NA,0,0,NA,NA,0,0
4/5/2025,0,0,NA,NA,NA,NA,0,0,NA,NA,0,0
4/6/2025,0,0,NA,NA,NA,NA,0,0,NA,NA,0,0
4/7/2025,0,0,NA,NA,NA,NA,0,0,NA,NA,0,0
4/8/2025,0,0,NA,NA,NA,NA,0,0,NA,NA,0,0
4/9/2025,0,0,NA,NA,NA,NA,0,0,NA,NA,0,0
4/10/2025,0,0,NA,NA,NA,NA,0,0,NA,NA,0,0
4/11/2025,0,0,NA,NA,NA,NA,0,0,NA,NA,0,0
4/12/2025,0,0,NA,NA,NA,NA,0,0,NA,NA,0,0
4/13/2025,0,0,NA,NA,NA,NA,0,0,NA,NA,0,0
4/14/2025,0,0,NA,NA,NA,NA,0,0,NA,NA,0,0
4/15/2025,0,0,NA,NA,NA,NA,0,0,NA,NA,0,0
4/16/2025,0,0,NA,NA,NA,NA,0,0,NA,NA,0,0
4/17/2025,0,0,NA,NA,NA,NA,0,0,NA,NA,0,0
4/18/2025,0,0,NA,NA,NA,NA,0,0,NA,NA,0,0
4/19/2025,0,0,NA,NA,NA,NA,0,0,NA,NA,0,0
4/20/2025,0,0,NA,NA,NA,NA,0,0,NA,NA,0,0
4/21/2025,0,0,NA,NA,NA,NA,0,0,NA,NA,0,0
4/22/2025,0,0,NA,NA,NA,NA,0,0,NA,NA,0,0
4/23/2025,0,0,NA,NA,NA,NA,0,0,NA,NA,0,0
4/24/2025,0,0,NA,NA,NA,NA,0,0,NA,NA,0,0
4/25/2025,0,0,NA,NA,NA,NA,0,0,NA,NA,0,0
4/26/2025,0,0,NA,NA,NA,NA,0,0,NA,NA,0,0
4/27/2025,0,0,NA,NA,NA,NA,0,0,NA,NA,0,0
4/28/2025,0,0,NA,NA,NA,NA,0,0,NA,NA,0,0
4/29/2025,0,0,NA,NA,NA,NA,0,0,NA,NA,0,0
4/30/2025,0,0,NA,NA,NA,NA,0,0,NA,NA,0,0
5/1/2025,0,0,NA,NA,NA,NA,0,0,NA,NA,0,0
5/2/2025,0,0,NA,NA,NA,NA,0,0,NA,NA,0,0
5/3/2025,0,0,NA,NA,NA,NA,0,0,NA,NA,0,0
5/4/2025,0,0,NA,NA,NA,NA,0,0,NA,NA,0,0
5/5/2025,0,0,NA,NA,NA,NA,0,0,NA,NA,0,0
5/6/2025,0,0,NA,NA,NA,NA,0,0,NA,NA,0,0
5/7/2025,0,0,NA,NA,NA,NA,0,0,NA,NA,0,0
5/8/2025,0,0,NA,NA,NA,NA,0,0,NA,NA,0,0
5/9/2025,0,0,NA,NA,NA,NA,0,0,NA,NA,0,0
5/10/2025,0,0,NA,NA,NA,NA,0,0,NA,NA,0,0
5/11/2025,0,0,NA,NA,NA,NA,0,0,NA,NA,0,0
5/12/2025,0,0,NA,NA,NA,NA,0,0,NA,NA,0,0
5/13/2025,0,0,NA,NA,NA,NA,0,0,NA,NA,0,0
5/14/2025,0,0,NA,NA,NA,NA,0,0,NA,NA,0,0
5/15/2025,0,0,NA,NA,NA,NA,0,0,NA,NA,0,0
5/16/2025,0,0,NA,NA,NA,NA,0,0,NA,NA,0,0
5/17/2025,0,0,NA,NA,NA,NA,0,0,NA,NA,0,0
5/18/2025,0,0,NA,NA,NA,NA,0,0,NA,NA,0,0
5/19/2025,0,0,NA,NA,NA,NA,0,0,NA,NA,0,0
5/20/2025,0,0,NA,NA,NA,NA,0,0,NA,NA,0,0
5/21/2025,0,0,NA,NA,NA,NA,0,0,NA,NA,0,0
5/22/2025,0,0,NA,NA,NA,NA,0,0,NA,NA,0,0
5/23/2025,0,0,NA,NA,NA,NA,0,0,NA,NA,0,0
5/24/2025,0,0,NA,NA,NA,NA,0,0,NA,NA,0,0
5/25/2025,0,0,NA,NA,NA,NA,0,0,NA,NA,0,0
5/26/2025,0,0,NA,NA,NA,NA,0,0,NA,NA,0,0
5/27/2025,0,0,NA,NA,NA,NA,0,0,NA,NA,0,0
5/28/2025,0,0,NA,NA,NA,NA,0,0,NA,NA,0,0
5/29/2025,0,0,NA,NA,NA,NA,0,0,NA,NA,0,0
5/30/2025,0,0,NA,NA,NA,NA,0,0,NA,NA,0,0
5/31/2025,0,0,NA,NA,NA,NA,0,0,NA,NA,NA,NA
6/1/2025,0,0,NA,NA,NA,NA,0,0,NA,NA,NA,NA
6/2/2025,0,0,NA,NA,NA,NA,0,0,NA,NA,NA,NA
6/3/2025,0,0,NA,NA,NA,NA,0,0,NA,NA,NA,NA
6/4/2025,0,0,NA,NA,NA,NA,0,0,NA,NA,NA,NA
6/5/2025,0,0,NA,NA,NA,NA,0,0,NA,NA,NA,NA
6/6/2025,0,0,NA,NA,NA,NA,0,0,NA,NA,NA,NA
6/7/2025,0,0,NA,NA,NA,NA,0,0,NA,NA,NA,NA
6/8/2025,0,0,NA,NA,NA,NA,0,0,NA,NA,NA,NA
6/9/2025,0,0,NA,NA,NA,NA,0,0,NA,NA,NA,NA
6/10/2025,0,0,NA,NA,NA,NA,NA,NA,NA,NA,NA,NA
6/11/2025,0,0,NA,NA,NA,NA,NA,NA,NA,NA,NA,NA
12/13/2025,NA,NA,NA,NA,0,0,NA,NA,NA,NA,NA,NA
12/14/2025,NA,NA,NA,NA,2,0,NA,NA,NA,NA,NA,NA
12/15/2025,NA,NA,NA,NA,0,0,NA,NA,NA,NA,NA,NA
12/16/2025,NA,NA,NA,NA,0,1,NA,NA,NA,NA,NA,NA
12/17/2025,NA,NA,NA,NA,0,0,NA,NA,NA,NA,NA,NA
12/18/2025,NA,NA,NA,NA,0,0,NA,NA,NA,NA,NA,NA
12/19/2025,NA,NA,NA,NA,0,0,NA,NA,NA,NA,NA,NA
12/20/2025,NA,NA,NA,NA,0,1,NA,NA,NA,NA,NA,NA
12/21/2025,NA,NA,NA,NA,0,0,NA,NA,NA,NA,NA,NA
12/22/2025,NA,NA,NA,NA,0,0,NA,NA,NA,NA,NA,NA
12/23/2025,NA,NA,NA,NA,0,0,NA,NA,NA,NA,NA,NA
12/24/2025,NA,NA,NA,NA,2,0,NA,NA,NA,NA,NA,NA
12/25/2025,NA,NA,NA,NA,0,0,NA,NA,NA,NA,NA,NA
12/26/2025,NA,NA,NA,NA,6,0,NA,NA,NA,NA,NA,NA
12/27/2025,NA,NA,NA,NA,7,1,NA,NA,NA,NA,NA,NA
12/28/2025,NA,NA,NA,NA,5,0,NA,NA,NA,NA,NA,NA
12/29/2025,NA,NA,NA,NA,4,0,NA,NA,NA,NA,NA,NA
12/30/2025,NA,NA,NA,NA,0,1,NA,NA,NA,NA,NA,NA
12/31/2025,NA,NA,NA,NA,0,1,NA,NA,NA,NA,NA,NA
1/1/2026,NA,NA,NA,NA,0,0,NA,NA,NA,NA,NA,NA
1/2/2026,NA,NA,NA,NA,1,0,NA,NA,NA,NA,NA,NA
1/3/2026,NA,NA,NA,NA,1,1,NA,NA,NA,NA,NA,NA
1/4/2026,NA,NA,NA,NA,0,0,NA,NA,NA,NA,NA,NA
1/5/2026,NA,NA,NA,NA,2,1,NA,NA,NA,NA,NA,NA
1/6/2026,NA,NA,NA,NA,0,0,NA,NA,NA,NA,NA,NA
1/7/2026,NA,NA,NA,NA,0,0,NA,NA,NA,NA,NA,NA
1/8/2026,NA,NA,NA,NA,0,0,NA,NA,NA,NA,NA,NA
1/9/2026,NA,NA,NA,NA,0,0,NA,NA,NA,NA,NA,NA
1/10/2026,NA,NA,NA,NA,0,0,NA,NA,NA,NA,NA,NA
1/11/2026,NA,NA,NA,NA,0,0,NA,NA,NA,NA,NA,NA
1/12/2026,NA,NA,NA,NA,0,0,NA,NA,NA,NA,NA,NA
1/13/2026,NA,NA,NA,NA,0,0,NA,NA,NA,NA,NA,NA
1/14/2026,NA,NA,NA,NA,0,0,NA,NA,NA,NA,NA,NA
1/15/2026,NA,NA,NA,NA,0,0,NA,NA,NA,NA,NA,NA
1/16/2026,NA,NA,NA,NA,0,0,NA,NA,NA,NA,NA,NA
1/17/2026,NA,NA,NA,NA,0,0,NA,NA,NA,NA,NA,NA
1/18/2026,NA,NA,NA,NA,0,2,NA,NA,NA,NA,NA,NA
1/19/2026,NA,NA,NA,NA,0,0,NA,NA,NA,NA,NA,NA
1/20/2026,NA,NA,NA,NA,0,0,NA,NA,NA,NA,NA,NA
1/21/2026,NA,NA,NA,NA,0,0,NA,NA,NA,NA,NA,NA
1/22/2026,NA,NA,NA,NA,2,0,NA,NA,NA,NA,NA,NA
1/23/2026,NA,NA,NA,NA,0,0,NA,NA,NA,NA,NA,NA
